Acer,Chromebook Tab 10
Acer,Iconia One 8 B1-820
Acer,Iconia Tab 10 A3-A30
Acer,Iconia Tab 10 A3-A40
Acer,Iconia Talk S
Acer,Liquid Jade 2
Acer,Liquid Jade Primo
Acer,Liquid Jade Z
Acer,Liquid M220
Acer,Liquid M320
Acer,Liquid M330
Acer,Liquid X2
Acer,Liquid Z220
Acer,Liquid Z320
Acer,Liquid Z330
Acer,Liquid Z410
Acer,Liquid Z520
Acer,Liquid Z530
Acer,Liquid Z530S
Acer,Liquid Z6
Acer,Liquid Z6 Plus
Acer,Liquid Z630
Acer,Liquid Z630S
Acer,Liquid Zest
Acer,Liquid Zest Plus
Acer,Predator 8
alcatel,3
alcatel,5
alcatel,7
alcatel,1B (2020)
alcatel,1c (2019)
alcatel,1s
alcatel,1S (2020)
alcatel,1T 10
alcatel,1T 7
alcatel,1v (2019)
alcatel,1V (2020)
alcatel,1x
alcatel,1x (2019)
alcatel,3 (2019)
alcatel,3c
alcatel,3L
alcatel,3L (2020)
alcatel,3T 10
alcatel,3T 8
alcatel,3v
alcatel,3v (2019)
alcatel,3x
alcatel,3x (2019)
alcatel,5v
alcatel,A3
alcatel,A3 XL
alcatel,A5 LED
alcatel,A7
alcatel,A7 XL
alcatel,Fierce 4
alcatel,Fierce XL
alcatel,Fierce XL (Windows)
alcatel,Flash (2017)
alcatel,Flash 2
alcatel,Flash Plus
alcatel,Flash Plus 2
alcatel,Go Play
alcatel,Idol 3 (4.7)
alcatel,Idol 3 (5.5)
alcatel,Idol 3C
alcatel,Idol 4
alcatel,Idol 4s
alcatel,Idol 4s Windows
alcatel,Idol 5
alcatel,Idol 5s
alcatel,Idol 5s (USA)
alcatel,Pixi 3 (10)
alcatel,Pixi 3 (3.5)
alcatel,Pixi 3 (3.5) Firefox
alcatel,Pixi 3 (4)
alcatel,Pixi 3 (4.5)
alcatel,Pixi 3 (5)
alcatel,Pixi 3 (5.5)
alcatel,Pixi 3 (5.5) LTE
alcatel,Pixi 3 (7)
alcatel,Pixi 3 (7) 3G
alcatel,Pixi 3 (7) LTE
alcatel,Pixi 3 (8) 3G
alcatel,Pixi 3 (8) LTE
alcatel,Pixi 4 (3.5)
alcatel,Pixi 4 (4)
alcatel,Pixi 4 (5)
alcatel,Pixi 4 (6)
alcatel,Pixi 4 (6) 3G
alcatel,Pixi 4 (7)
alcatel,Pixi 4 Plus Power
alcatel,Pixi First
alcatel,Pop 10
alcatel,Pop 3 (5)
alcatel,Pop 3 (5.5)
alcatel,Pop 4
alcatel,Pop 4+
alcatel,Pop 4S
alcatel,Pop 7 LTE
alcatel,Pop Astro
alcatel,Pop Star
alcatel,Pop Star LTE
alcatel,Pop Up
alcatel,Pulsemix
alcatel,Shine Lite
alcatel,Tetra
alcatel,U5
alcatel,U5 HD
alcatel,View
alcatel,X1
Allview,A10 Lite 2019
Allview,A10 Plus
Allview,A5 Easy
Allview,AX501Q
Allview,E2 Jump
Allview,E3 Living
Allview,E3 Sign
Allview,E4
Allview,E4 Lite
Allview,P10 Life
Allview,P10 Max
Allview,P10 Mini
Allview,P10 Pro
Allview,P10 Style
Allview,P4 eMagic
Allview,P5 eMagic
Allview,P5 Energy
Allview,P5 Pro
Allview,P6 eMagic
Allview,P6 Energy
Allview,P6 Energy Lite
Allview,P6 Energy Mini
Allview,P6 Lite
Allview,P6 Pro
Allview,P7 Pro
Allview,P8 Energy
Allview,P8 Energy mini
Allview,P8 Energy Pro
Allview,P8 Pro
Allview,P9 Energy
Allview,P9 Energy Lite
Allview,P9 Energy Lite (2017)
Allview,P9 Energy mini
Allview,Soul X5 Mini
Allview,Soul X5 Pro
Allview,Soul X5 Style
Allview,Soul X6 Mini
Allview,Soul X6 Xtreme
Allview,Soul X7 Pro
Allview,Soul X7 Style
Allview,V2 Viper
Allview,V2 Viper e
Allview,V2 Viper i
Allview,V2 Viper i4G
Allview,V2 Viper S
Allview,V2 Viper X
Allview,V2 Viper X+
Allview,V2 Viper Xe
Allview,V3 Viper
Allview,V4 Viper
Allview,V4 Viper Pro
Allview,Viper L
Allview,Viva 1003G
Allview,Viva 1003G Lite
Allview,Viva 803G
Allview,Viva H1001 LTE
Allview,Viva Home
Allview,X2 Soul Lite
Allview,X2 Soul Pro
Allview,X2 Soul Style
Allview,X2 Soul Style + Platinum
Allview,X2 Xtreme
Allview,X3 Soul
Allview,X3 Soul Lite
Allview,X3 Soul mini
Allview,X3 Soul Plus
Allview,X3 Soul Pro
Allview,X3 Soul Style
Allview,X4 Soul
Allview,X4 Soul Infinity L
Allview,X4 Soul Infinity N
Allview,X4 Soul Infinity Plus
Allview,X4 Soul Infinity S
Allview,X4 Soul Infinity Z
Allview,X4 Soul Lite
Allview,X4 Soul Mini
Allview,X4 Soul Mini S
Allview,X4 Soul Style
Allview,X4 Soul Vision
Allview,X4 Xtreme
Allview,X5 Soul
Amazon,Fire 7
Amazon,Fire 7 (2017)
Amazon,Fire HD 10
Amazon,Fire HD 10 (2017)
Amazon,Fire HD 8
Amazon,Fire HD 8 (2017)
Amazon,Fire HD 8 (2020)
Amazon,Fire HD 8 Plus (2020)
Apple,iPad 10.2
Apple,iPad 9.7 (2017)
Apple,iPad 9.7 (2018)
Apple,iPad Air (2019)
Apple,iPad mini (2019)
Apple,iPad mini 4
Apple,iPad mini 4 (2015)
Apple,iPad Pro 10.5 (2017)
Apple,iPad Pro 11
Apple,iPad Pro 11 (2018)
Apple,iPad Pro 11 (2020)
Apple,iPad Pro 12.9 (2015)
Apple,iPad Pro 12.9 (2017)
Apple,iPad Pro 12.9 (2018)
Apple,iPad Pro 12.9 (2020)
Apple,iPad Pro 9.7 (2016)
Apple,iPhone 11
Apple,iPhone 11 Pro
Apple,iPhone 11 Pro Max
Apple,iPhone 6s
Apple,iPhone 6s Plus
Apple,iPhone 7
Apple,iPhone 7 Plus
Apple,iPhone 8
Apple,iPhone 8 Plus
Apple,iPhone SE
Apple,iPhone SE (2020)
Apple,iPhone X
Apple,iPhone XR
Apple,iPhone XS
Apple,iPhone XS Max
Archos,50 Cobalt
Archos,50 Graphite
Archos,50 Saphir
Archos,50b Cobalt
Archos,50d Helium 4G
Archos,55 Cobalt Plus
Archos,55 Graphite
Archos,55b Cobalt
Archos,Diamond
Archos,Diamond 2 Plus
Archos,Diamond Alpha
Archos,Diamond Alpha +
Archos,Diamond Gamma
Archos,Diamond Omega
Archos,Diamond Plus
Archos,Diamond S
Archos,Diamond Tab
Archos,Oxygen 57
Archos,Oxygen 63
Archos,Oxygen 68XL
Archos,Saphir 50X
Archos,Sense 50x
Archos,Sense 55s
Asus,Fonepad 7 FE171CG
Asus,Fonepad 7 FE375CL
Asus,Live G500TG
Asus,Pegasus 2 Plus
Asus,ROG Phone
Asus,ROG Phone II ZS660KL
Asus,ROG Phone ZS600KL
Asus,Zenfone 2 Deluxe ZE551ML
Asus,Zenfone 2 Laser ZE500KG
Asus,Zenfone 2 Laser ZE500KL
Asus,Zenfone 2 Laser ZE550KL
Asus,Zenfone 2 Laser ZE551KL
Asus,Zenfone 2 Laser ZE600KL
Asus,Zenfone 2 Laser ZE601KL
Asus,Zenfone 2 ZE500CL
Asus,Zenfone 2 ZE550ML
Asus,Zenfone 2 ZE551ML
Asus,Zenfone 2E
Asus,Zenfone 3 Deluxe 5.5 ZS550KL
Asus,Zenfone 3 Deluxe ZS570KL
Asus,Zenfone 3 Laser ZC551KL
Asus,Zenfone 3 Max ZC520TL
Asus,Zenfone 3 Max ZC553KL
Asus,Zenfone 3 Ultra ZU680KL
Asus,Zenfone 3 ZE520KL
Asus,Zenfone 3 ZE552KL
Asus,Zenfone 3 Zoom ZE553KL
Asus,Zenfone 3s Max ZC521TL
Asus,Zenfone 4 Max Plus ZC554KL
Asus,Zenfone 4 Max Pro ZC554KL
Asus,Zenfone 4 Max ZC520KL
Asus,Zenfone 4 Max ZC554KL
Asus,Zenfone 4 Pro ZS551KL
Asus,Zenfone 4 Selfie Lite ZB553KL
Asus,Zenfone 4 Selfie Pro ZD552KL
Asus,Zenfone 4 Selfie ZB553KL
Asus,Zenfone 4 Selfie ZD553KL
Asus,Zenfone 4 ZE554KL
Asus,Zenfone 5 A501CG (2015)
Asus,Zenfone 5 Lite ZC600KL
Asus,Zenfone 5 ZE620KL
Asus,Zenfone 5z ZS620KL
Asus,Zenfone 6 ZS630KL
Asus,Zenfone AR ZS571KL
Asus,Zenfone C ZC451CG
Asus,Zenfone Go T500
Asus,Zenfone Go ZB450KL
Asus,Zenfone Go ZB452KG
Asus,Zenfone Go ZB500KL
Asus,Zenfone Go ZB551KL
Asus,Zenfone Go ZB552KL
Asus,Zenfone Go ZB690KG
Asus,Zenfone Go ZC451TG
Asus,Zenfone Go ZC500TG
Asus,ZenFone Lite (L1) ZA551KL
Asus,ZenFone Live (L1) ZA550KL
Asus,ZenFone Live (L2)
Asus,Zenfone Live ZB501KL
Asus,Zenfone Max (M1) ZB555KL
Asus,Zenfone Max (M1) ZB556KL
Asus,Zenfone Max (M2) ZB633KL
Asus,Zenfone Max Plus (M1) ZB570TL
Asus,Zenfone Max Plus (M2) ZB634KL
Asus,Zenfone Max Pro (M1) ZB601KL/ZB602K
Asus,Zenfone Max Pro (M2) ZB631KL
Asus,Zenfone Max Shot ZB634KL
Asus,Zenfone Max ZC550KL
Asus,Zenfone Max ZC550KL (2016)
Asus,Zenfone Pegasus 3
Asus,Zenfone Pegasus 3s
Asus,Zenfone Selfie ZD551KL
Asus,Zenfone V V520KL
Asus,Zenfone Zoom ZX550
Asus,Zenfone Zoom ZX551ML
Asus,Zenpad 10 Z300C
Asus,Zenpad 10 Z300M
Asus,Zenpad 3 8.0 Z581KL
Asus,Zenpad 3S 10 Z500KL
Asus,Zenpad 3S 10 Z500M
Asus,Zenpad 3s 8.0 Z582KL
Asus,Zenpad 7.0 Z370CG
Asus,Zenpad 8.0 Z380C
Asus,Zenpad 8.0 Z380KL
Asus,Zenpad 8.0 Z380M
Asus,Zenpad C 7.0
Asus,Zenpad C 7.0 Z170MG
Asus,Zenpad S 8.0 Z580C
Asus,Zenpad S 8.0 Z580CA
Asus,Zenpad Z10 ZT500KL
Asus,Zenpad Z8
Asus,Zenpad Z8s ZT582KL
BenQ,F52
BlackBerry,A10
BlackBerry,Aurora
BlackBerry,DTEK50
BlackBerry,DTEK60
BlackBerry,Evolve
BlackBerry,Evolve X
BlackBerry,KEY2
BlackBerry,KEY2 LE
BlackBerry,Keyone
BlackBerry,Leap
BlackBerry,Motion
BlackBerry,Playbook 2012
BlackBerry,Priv
BlackBerry,Z20
Blackview,S6
Blackview,S8
BLU,Advance 4.0 L
BLU,Advance 4.0 L2
BLU,Advance 4.0 L3
BLU,Advance 4.0 M
BLU,Advance L4
BLU,Advance L5
BLU,Bold N1
BLU,C4
BLU,C5
BLU,C5 (2017)
BLU,C5 2019
BLU,C5 LTE
BLU,C5 Plus
BLU,C5L
BLU,C6
BLU,C6 2019
BLU,C6L
BLU,Dash 4.5 (2016)
BLU,Dash G
BLU,Dash L
BLU,Dash L2
BLU,Dash L3
BLU,Dash L4
BLU,Dash L4 LTE
BLU,Dash L5 LTE
BLU,Dash M
BLU,Dash M2
BLU,Dash X
BLU,Dash X LTE
BLU,Dash X Plus
BLU,Dash X Plus LTE
BLU,Dash X2
BLU,Dash XL
BLU,Diamond M
BLU,Energy Diamond
BLU,Energy Diamond Mini
BLU,Energy JR
BLU,Energy M
BLU,Energy X
BLU,Energy X 2
BLU,Energy X LTE
BLU,Energy X Plus
BLU,Energy X Plus 2
BLU,Energy XL
BLU,G5 Plus
BLU,G9
BLU,G9 Pro
BLU,Grand 5.5 HD
BLU,Grand 5.5 HD II
BLU,Grand Energy
BLU,Grand M
BLU,Grand M2
BLU,Grand M2 (2018)
BLU,Grand M2 LTE
BLU,Grand M3
BLU,Grand Max
BLU,Grand Mini
BLU,Grand X
BLU,Grand X LTE
BLU,Grand XL
BLU,Grand XL LTE
BLU,J2
BLU,J4
BLU,J6
BLU,Life 8 XL
BLU,Life Mark
BLU,Life Max
BLU,Life One (2015)
BLU,Life One X (2016)
BLU,Life One X2
BLU,Life One X2 Mini
BLU,Life One X3
BLU,Life One XL
BLU,Life X8
BLU,Life XL
BLU,Neo X
BLU,Neo X LTE
BLU,Neo X Mini
BLU,Neo X Plus
BLU,Neo XL
BLU,Pure View
BLU,Pure XL
BLU,Pure XR
BLU,R1 HD
BLU,R1 Plus
BLU,R2
BLU,R2 LTE
BLU,R2 Plus
BLU,S1
BLU,Selfie
BLU,Studio 5.5 HD
BLU,Studio 5.5C
BLU,Studio 7.0 II
BLU,Studio 7.0 LTE
BLU,Studio C
BLU,Studio C 5 + 5
BLU,Studio C 5 + 5 LTE
BLU,Studio C 8+8
BLU,Studio C 8+8 LTE
BLU,Studio C HD
BLU,Studio C Super Camera
BLU,Studio Energy
BLU,Studio Energy 2
BLU,Studio G
BLU,Studio G HD
BLU,Studio G HD LTE
BLU,Studio G LTE
BLU,Studio G Max
BLU,Studio G Mini
BLU,Studio G Plus
BLU,Studio G Plus HD
BLU,Studio G2
BLU,Studio G2 HD
BLU,Studio G3
BLU,Studio G4
BLU,Studio J1
BLU,Studio J2
BLU,Studio J5
BLU,Studio J8
BLU,Studio J8 LTE
BLU,Studio J8M LTE
BLU,Studio M HD
BLU,Studio M LTE
BLU,Studio Max
BLU,Studio Mega
BLU,Studio Mega (2018)
BLU,Studio Mega 2019
BLU,Studio Mini
BLU,Studio One
BLU,Studio One Plus
BLU,Studio Pro
BLU,Studio Selfie 2
BLU,Studio Selfie LTE
BLU,Studio Touch
BLU,Studio View
BLU,Studio View XL
BLU,Studio X
BLU,Studio X Mini
BLU,Studio X Plus
BLU,Studio X8 HD
BLU,Studio X8 HD (2019)
BLU,Studio X9 HD
BLU,Studio XL
BLU,Studio XL2
BLU,Tank Xtreme
BLU,Tank Xtreme 4.0
BLU,Tank Xtreme 5.0
BLU,Tank Xtreme Pro
BLU,Touch Book M7
BLU,Touchbook G7
BLU,Touchbook M7
BLU,Touchbook M7 Pro
BLU,View 1
BLU,Vivo 5
BLU,Vivo 5 Mini
BLU,Vivo 5R
BLU,Vivo 6
BLU,Vivo 8
BLU,Vivo Air
BLU,Vivo Air LTE
BLU,Vivo Go
BLU,Vivo One
BLU,Vivo One Plus
BLU,Vivo One Plus (2019)
BLU,Vivo Selfie
BLU,Vivo X
BLU,Vivo X5
BLU,Vivo XI
BLU,Vivo XI+
BLU,Vivo XL
BLU,Vivo XL2
BLU,Vivo XL3
BLU,Vivo XL3 Plus
BLU,Vivo XL4
BLU,Vivo XL5
BLU,Win HD LTE
BLU,Win JR LTE
BQ,Aquaris U
BQ,Aquaris U Lite
BQ,Aquaris U Plus
BQ,Aquaris U2
BQ,Aquaris U2 Lite
BQ,Aquaris V
BQ,Aquaris V Plus
BQ,Aquaris VS
BQ,Aquaris VS Plus
BQ,Aquaris X
BQ,Aquaris X Pro
BQ,Aquaris X2
BQ,Aquaris X2 Pro
BQ,Aquaris X5 Plus
Cat,S30
Cat,S31
Cat,S40
Cat,S41
Cat,S42
Cat,S52
Cat,S60
Cat,S61
Celkon,2GB Xpress
Celkon,A355
Celkon,A35k Remote
Celkon,A402
Celkon,A403
Celkon,A407
Celkon,A518
Celkon,Campus Prime
Celkon,Millennia Everest
Celkon,Millennia Hero
Celkon,Millennia OCTA510
Celkon,Millennia Xplore
Celkon,Q3K Power
Celkon,Q405
Celkon,Q450
Celkon,Q452
Celkon,Q455L
Celkon,Q519
Celkon,Q54+
Celkon,Q5K Power
Coolpad,3632
Coolpad,Conjr
Coolpad,Cool 2
Coolpad,Cool 3 Plus
Coolpad,Cool 5
Coolpad,Cool M7
Coolpad,Cool Play 6
Coolpad,Cool Play 8
Coolpad,Cool S1
Coolpad,Cool1 dual
Coolpad,Defiant
Coolpad,Legacy
Coolpad,Legacy 5G
Coolpad,Max
Coolpad,Mega
Coolpad,Mega 3
Coolpad,Mega 5A
Coolpad,Modena
Coolpad,Modena 2
Coolpad,Note 3
Coolpad,Note 3 Lite
Coolpad,Note 3 Plus
Coolpad,Note 3s
Coolpad,Note 5
Coolpad,Note 5 Lite
Coolpad,Note 6
Coolpad,NX1
Coolpad,Porto
Coolpad,Porto S
Coolpad,Roar
Coolpad,Shine
Coolpad,Torino
Coolpad,Torino S
Dell,Venue 10 7000
Energizer,Energy 400
Energizer,Energy 400 LTE
Energizer,Energy 500
Energizer,Energy E401
Energizer,Energy E500
Energizer,Energy E500S
Energizer,Energy E520 LTE
Energizer,Energy E551S
Energizer,Energy S500E
Energizer,Energy S550
Energizer,Hardcase H500S
Energizer,Hardcase H501S
Energizer,Hardcase H550S
Energizer,Hardcase H570S
Energizer,Hardcase H591S
Energizer,Power Max P16K Pro
Energizer,Power Max P18K Pop
Energizer,Power Max P490
Energizer,Power Max P490S
Energizer,Power Max P550S
Energizer,Power Max P600S
Energizer,Power Max P8100S
Energizer,Ultimate U570S
Energizer,Ultimate U620S
Energizer,Ultimate U620S Pop
Energizer,Ultimate U630S Pop
Energizer,Ultimate U650S
Energizer,Ultimate U710S
Gigabyte,GSmart Classic
Gigabyte,GSmart Classic Lite
Gigabyte,GSmart Essence
Gigabyte,GSmart Essence 4
Gigabyte,GSmart Guru GX
Gigabyte,GSmart Mika MX
Gigabyte,GSmart Roma RX
Gionee,A1
Gionee,A1 Lite
Gionee,A1 Plus
Gionee,Elife E8
Gionee,Elife S Plus
Gionee,Elife S7
Gionee,F103
Gionee,F103 Pro
Gionee,F205
Gionee,F5
Gionee,M2017
Gionee,M6
Gionee,M6 Plus
Gionee,M6s Plus
Gionee,M7
Gionee,M7 Plus
Gionee,M7 Power
Gionee,Marathon M4
Gionee,Marathon M5
Gionee,Marathon M5 enjoy
Gionee,Marathon M5 lite
Gionee,Marathon M5 mini
Gionee,Marathon M5 Plus
Gionee,P5 Mini
Gionee,P7
Gionee,P7 Max
Gionee,P8 Max
Gionee,Pioneer P2M
Gionee,Pioneer P3S
Gionee,Pioneer P4S
Gionee,Pioneer P5W
Gionee,Pioneer P6
Gionee,S10
Gionee,S10B
Gionee,S10C
Gionee,S11
Gionee,S11 lite
Gionee,S11S
Gionee,S5.1 Pro
Gionee,S6
Gionee,S6 Pro
Gionee,S6s
Gionee,S8
Gionee,S9
Gionee,Steel 2
Gionee,W909
Gionee,X1
Gionee,X1s
Google,Pixel
Google,Pixel 2
Google,Pixel 2 XL
Google,Pixel 3
Google,Pixel 3 XL
Google,Pixel 3a
Google,Pixel 3a
Google,Pixel 3a XL
Google,Pixel 3a XL
Google,Pixel 4
Google,Pixel 4
Google,Pixel 4 XL
Google,Pixel 4 XL
Google,Pixel C
Google,Pixel XL
Haier,G8
Haier,Hurricane
Haier,I6
Haier,L8
Honor,7
Honor,8
Honor,9
Honor,10
Honor,20
Honor,20
Honor,30
Honor,30
Honor,10 Lite
Honor,10i
Honor,20 lite
Honor,20 lite
Honor,20 lite (China)
Honor,20 lite (China)
Honor,20 Pro
Honor,20 Pro
Honor,20e
Honor,20e
Honor,20i
Honor,20S
Honor,20S
Honor,30 Pro
Honor,30 Pro
Honor,30 Pro+
Honor,30 Pro+
Honor,30S
Honor,30S
Honor,4C
Honor,5A
Honor,5c
Honor,5X
Honor,6A (Pro)
Honor,6C Pro
Honor,6X
Honor,7A
Honor,7C
Honor,7i
Honor,7S
Honor,7X
Honor,8 Pro
Honor,8A 2020
Honor,8A 2020
Honor,8A Prime
Honor,8A Prime
Honor,8A Pro
Honor,8C
Honor,8S
Honor,8S
Honor,8S 2020
Honor,8S 2020
Honor,8X
Honor,8X Max
Honor,9 Lite
Honor,9A
Honor,9A
Honor,9C
Honor,9C
Honor,9N (9i)
Honor,9S
Honor,9S
Honor,9X
Honor,9X
Honor,9X (China)
Honor,9X (China)
Honor,9X Lite
Honor,9X Lite
Honor,9X Pro
Honor,9X Pro
Honor,Bee
Honor,Holly 2 Plus
Honor,Holly 3
Honor,Magic
Honor,Magic 2
Honor,Magic 2 3D
Honor,Note 10
Honor,Note 8
Honor,Pad 2
Honor,Pad 5 10.1
Honor,Pad 5 10.1
Honor,Pad 5 8
Honor,Pad 5 8
Honor,Play
Honor,Play 3
Honor,Play 3
Honor,Play 3e
Honor,Play 3e
Honor,Play 4T
Honor,Play 4T
Honor,Play 4T Pro
Honor,Play 4T Pro
Honor,Play 8A
Honor,Play 9A
Honor,Play 9A
Honor,Play4
Honor,Play4
Honor,Play4 Pro
Honor,Play4 Pro
Honor,Tab 5
Honor,V30 Pro
Honor,V30 Pro
Honor,V6
Honor,V6
Honor,V8
Honor,View 10
Honor,View 20
Honor,View30
Honor,View30
Honor,View30 Pro
Honor,View30 Pro
Honor,X10 5G
Honor,X10 5G
HP,Elite x3
HP,Pro Slate 10 EE G1
HP,Pro Slate 12
HP,Pro Slate 8
HTC,10
HTC,10 evo
HTC,10 Lifestyle
HTC,A12
HTC,Butterfly 3
HTC,Desire 10 Compact
HTC,Desire 10 Lifestyle
HTC,Desire 10 Pro
HTC,Desire 12
HTC,Desire 12+
HTC,Desire 12s
HTC,Desire 19+
HTC,Desire 19+
HTC,Desire 19s
HTC,Desire 19s
HTC,Desire 20 Pro
HTC,Desire 20 Pro
HTC,Desire 320
HTC,Desire 326G dual sim
HTC,Desire 520
HTC,Desire 526
HTC,Desire 526G+ dual sim 
HTC,Desire 530
HTC,Desire 625
HTC,Desire 626 (USA)
HTC,Desire 626G+
HTC,Desire 626s
HTC,Desire 628
HTC,Desire 630
HTC,Desire 650
HTC,Desire 728 dual sim
HTC,Desire 728 Ultra
HTC,Desire 820G+ dual sim
HTC,Desire 820s dual sim
HTC,Desire 825
HTC,Desire 826 dual sim
HTC,Desire 828 dual sim
HTC,Desire 830
HTC,Desire HD2
HTC,Exodus 1
HTC,Exodus 1s
HTC,Exodus 1s
HTC,Glacier
HTC,One (M8i)
HTC,One A9
HTC,One A9s
HTC,One E9
HTC,One E9+
HTC,One E9s dual sim
HTC,One M8s
HTC,One M9
HTC,One M9 Prime Camera
HTC,One M9+
HTC,One M9+ Supreme Camera
HTC,One M9s
HTC,One ME
HTC,One S9
HTC,One X10
HTC,One X9
HTC,Rider
HTC,U Play
HTC,U Ultra
HTC,U11
HTC,U11 Eyes
HTC,U11 Life
HTC,U11+
HTC,U12 life
HTC,U12+
HTC,U19e
HTC,U19e
HTC,U20 5G
HTC,U20 5G
HTC,Ville
HTC,Wildfire R70
HTC,Wildfire R70
HTC,Wildfire X
HTC,Wildfire X
HTC,Zeta
Huawei,Ascend G628
Huawei,Ascend Y540
Huawei,Enjoy 10
Huawei,Enjoy 10
Huawei,Enjoy 10 Plus
Huawei,Enjoy 10 Plus
Huawei,Enjoy 10s
Huawei,Enjoy 10s
Huawei,Enjoy 20 Pro
Huawei,Enjoy 20 Pro
Huawei,Enjoy 5s
Huawei,Enjoy 6
Huawei,Enjoy 6s
Huawei,Enjoy 9
Huawei,Enjoy 9e
Huawei,Enjoy 9s
Huawei,Enjoy Z 5G
Huawei,Enjoy Z 5G
Huawei,G10
Huawei,G7 Plus
Huawei,G8
Huawei,G9 Plus
Huawei,Mate 10
Huawei,Mate 10 Lite
Huawei,Mate 10 Porsche Design
Huawei,Mate 10 Pro
Huawei,Mate 20
Huawei,Mate 20 lite
Huawei,Mate 20 Pro
Huawei,Mate 20 RS Porsche Design
Huawei,Mate 20 X
Huawei,Mate 20 X (5G)
Huawei,Mate 20 X (5G)
Huawei,Mate 30
Huawei,Mate 30
Huawei,Mate 30 5G
Huawei,Mate 30 5G
Huawei,Mate 30 Pro
Huawei,Mate 30 Pro
Huawei,Mate 30 Pro 5G
Huawei,Mate 30 Pro 5G
Huawei,Mate 30 RS Porsche Design
Huawei,Mate 30 RS Porsche Design
Huawei,Mate 8
Huawei,Mate 9
Huawei,Mate 9 Porsche Design
Huawei,Mate 9 Pro
Huawei,Mate RS Porsche Design
Huawei,Mate S
Huawei,MatePad
Huawei,MatePad
Huawei,MatePad Pro
Huawei,MatePad Pro
Huawei,MatePad Pro 5G
Huawei,MatePad Pro 5G
Huawei,MatePad T8
Huawei,MatePad T8
Huawei,MediaPad M2 10.0
Huawei,MediaPad M2 7.0
Huawei,MediaPad M2 8.0
Huawei,MediaPad M3 8.4
Huawei,MediaPad M3 Lite 10
Huawei,MediaPad M3 Lite 8
Huawei,MediaPad M5 10
Huawei,MediaPad M5 10 (Pro)
Huawei,MediaPad M5 8
Huawei,MediaPad M5 lite
Huawei,MediaPad M5 Lite 8
Huawei,MediaPad M6 10.8
Huawei,MediaPad M6 10.8
Huawei,MediaPad M6 8.4
Huawei,MediaPad M6 8.4
Huawei,MediaPad M6 Turbo 8.4
Huawei,MediaPad M6 Turbo 8.4
Huawei,MediaPad T1 10
Huawei,MediaPad T1 7.0
Huawei,MediaPad T1 7.0 Plus
Huawei,MediaPad T2 10.0 Pro
Huawei,MediaPad T2 7.0
Huawei,MediaPad T2 7.0 Pro
Huawei,MediaPad T3 10
Huawei,MediaPad T3 7.0
Huawei,MediaPad T3 8.0
Huawei,MediaPad T5
Huawei,MediaPad X2
Huawei,Nexus 6P
Huawei,nova
Huawei,nova 2
Huawei,nova 2 plus
Huawei,nova 2s
Huawei,nova 3
Huawei,nova 3i
Huawei,nova 4
Huawei,nova 4e
Huawei,nova 5
Huawei,nova 5
Huawei,nova 5 Pro
Huawei,nova 5 Pro
Huawei,nova 5i
Huawei,nova 5i
Huawei,nova 5i Pro
Huawei,nova 5i Pro
Huawei,nova 5T
Huawei,nova 5T
Huawei,nova 5z
Huawei,nova 5z
Huawei,nova 6
Huawei,nova 6
Huawei,nova 6 5G
Huawei,nova 6 5G
Huawei,nova 6 SE
Huawei,nova 6 SE
Huawei,nova 7 5G
Huawei,nova 7 5G
Huawei,nova 7 Pro 5G
Huawei,nova 7 Pro 5G
Huawei,nova 7 SE
Huawei,nova 7 SE
Huawei,nova 7i
Huawei,nova 7i
Huawei,nova plus
Huawei,P smart
Huawei,P smart 2019
Huawei,P smart 2020
Huawei,P smart 2020
Huawei,P smart Pro 2019
Huawei,P smart Pro 2019
Huawei,P Smart S
Huawei,P Smart S
Huawei,P Smart Z
Huawei,P Smart Z
Huawei,P Smart+ 2019
Huawei,P10
Huawei,P10 Lite
Huawei,P10 Plus
Huawei,P20
Huawei,P20 lite
Huawei,P20 lite (2019)
Huawei,P20 lite (2019)
Huawei,P20 Pro
Huawei,P30
Huawei,P30 lite
Huawei,P30 lite New Edition
Huawei,P30 lite New Edition
Huawei,P30 Pro
Huawei,P30 Pro New Edition
Huawei,P30 Pro New Edition
Huawei,P40
Huawei,P40
Huawei,P40 lite
Huawei,P40 lite
Huawei,P40 lite 5G
Huawei,P40 lite 5G
Huawei,P40 lite E
Huawei,P40 lite E
Huawei,P40 Pro
Huawei,P40 Pro
Huawei,P40 Pro+
Huawei,P40 Pro+
Huawei,P8
Huawei,P8 Lite (2017)
Huawei,P8lite
Huawei,P8lite ALE-L04
Huawei,P8max
Huawei,P9
Huawei,P9 lite
Huawei,P9 lite mini
Huawei,P9 Plus
Huawei,SnapTo
Huawei,Y Max
Huawei,Y3 (2017)
Huawei,Y3 (2018)
Huawei,Y360
Huawei,Y3II
Huawei,Y5 (2017)
Huawei,Y5 (2019)
Huawei,Y5 (2019)
Huawei,Y5 lite (2018)
Huawei,Y5 Prime (2018)
Huawei,Y560
Huawei,Y5II
Huawei,Y5p
Huawei,Y5p
Huawei,Y6
Huawei,Y6 (2017)
Huawei,Y6 (2018)
Huawei,Y6 (2019)
Huawei,Y6 Prime (2018)
Huawei,Y6 Pro
Huawei,Y6 Pro (2019)
Huawei,Y625
Huawei,Y635
Huawei,Y6II Compact
Huawei,Y6p
Huawei,Y6p
Huawei,Y6s (2019)
Huawei,Y6s (2019)
Huawei,Y7
Huawei,Y7 (2018)
Huawei,Y7 (2019)
Huawei,Y7 Prime
Huawei,Y7 Prime (2018)
Huawei,Y7 Prime (2019)
Huawei,Y7 Pro (2018)
Huawei,Y7 Pro (2019)
Huawei,Y7p
Huawei,Y7p
Huawei,Y8p
Huawei,Y8p
Huawei,Y8s
Huawei,Y8s
Huawei,Y9 (2018)
Huawei,Y9 (2019)
Huawei,Y9 Prime (2019)
Huawei,Y9 Prime (2019)
Huawei,Y9s
Huawei,Y9s
Icemobile,G8
Icemobile,G8 LTE
Icemobile,Prime 4.0 Plus
Icemobile,Prime 5.0
Icemobile,Prime 5.0 Plus
Infinix,Hot 4
Infinix,Hot 4 Pro
Infinix,Hot 7
Infinix,Hot 7 Pro
Infinix,Hot 7 Pro
Infinix,Hot 8
Infinix,Hot 8
Infinix,Hot 8 Lite
Infinix,Hot 8 Lite
Infinix,Hot 9
Infinix,Hot 9
Infinix,Hot 9 Play
Infinix,Hot 9 Play
Infinix,Hot 9 Pro
Infinix,Hot 9 Pro
Infinix,Hot S
Infinix,Note 3
Infinix,Note 3 Pro
Infinix,Note 4 Pro
Infinix,Note 7
Infinix,Note 7
Infinix,Note 7 Lite
Infinix,Note 7 Lite
Infinix,S4
Infinix,S4
Infinix,S5 lite
Infinix,S5 lite
Infinix,S5 Pro (16+32)
Infinix,S5 Pro (16+32)
Infinix,S5 Pro (48+40)
Infinix,S5 Pro (48+40)
Infinix,Smart 2 HD
Infinix,Smart 4c
Infinix,Smart 4c
Infinix,Smart3 Plus
Infinix,Smart3 Plus
Infinix,Zero 4
Infinix,Zero 4 Plus
Infinix,Zero 6
Infinix,Zero 6 Pro
Intex,Aqua 4G+
Intex,Aqua Ace
Intex,Aqua Craze
Intex,Aqua GenX
Intex,Aqua Power +
Intex,Aqua Speed
Intex,Aqua Star 2
Intex,Aqua Star L
Intex,Aqua Trend
Intex,Aqua Xtreme II
Intex,Aqua Y2 Remote
Jolla,Jolla C
Karbonn,Titanium Mach Two S360
Kyocera,DuraForce Pro
Kyocera,DuraForce Pro 2
Kyocera,DuraForce XD
Lava,A32
Lava,A44
Lava,A48
Lava,A50
Lava,A51
Lava,A55
Lava,A59
Lava,A67
Lava,A68
Lava,A71
Lava,A72
Lava,A73
Lava,A76
Lava,A76+
Lava,A77
Lava,A79
Lava,A82
Lava,A88
Lava,A89
Lava,A97
Lava,A97 2GB+
Lava,Flair E2
Lava,Flair P1i
Lava,Flair Z1
Lava,Fuel F1
Lava,Icon
Lava,Iris 325 Style
Lava,Iris 348
Lava,Iris 350
Lava,Iris 401
Lava,Iris 465
Lava,Iris 470
Lava,Iris Alfa
Lava,Iris Atom
Lava,Iris Atom 2
Lava,Iris Atom 2X
Lava,Iris Atom 3
Lava,Iris Atom X
Lava,Iris Fuel F1 Mini
Lava,Iris X1 Atom S
Lava,Iris X1 Grand
Lava,Iris X1 mini
Lava,Iris X8
Lava,P7
Lava,P7+
Lava,Pixel V1
Lava,Pixel V2
Lava,V2 3GB
Lava,V2 s
Lava,V5
Lava,X10
Lava,X11
Lava,X17
Lava,X19
Lava,X28
Lava,X28 Plus
Lava,X3
Lava,X38
Lava,X41 Plus
Lava,X46
Lava,X50
Lava,X50 Plus
Lava,X81
Lava,Z10
Lava,Z25
Lava,Z40
Lava,Z50
Lava,Z60
Lava,Z60s
Lava,Z61
Lava,Z71
Lava,Z71
Lava,Z80
Lava,Z81
Lava,Z90
Lava,Z91
Lava,Z91 (2GB)
Lava,Z92
LeEco,Le 1s
LeEco,Le 2
LeEco,Le 2 Pro
LeEco,Le Max
LeEco,Le Max 2
LeEco,Le Pro 3 AI Edition
LeEco,Le Pro3
LeEco,Le Pro3 Elite
LeEco,Le S3
Lenovo,A Plus
Lenovo,A1000
Lenovo,A2010
Lenovo,A3690
Lenovo,A3900
Lenovo,A5
Lenovo,A5000
Lenovo,A5860
Lenovo,A6 Note
Lenovo,A6 Note
Lenovo,A6000
Lenovo,A6000 Plus
Lenovo,A6010
Lenovo,A6010 Plus
Lenovo,A6600
Lenovo,A6600 Plus
Lenovo,A7000
Lenovo,A7000 Plus
Lenovo,A7000 Turbo
Lenovo,B
Lenovo,C2
Lenovo,C2 Power
Lenovo,K10 Note
Lenovo,K10 Note
Lenovo,K10 Plus
Lenovo,K10 Plus
Lenovo,K3 Note
Lenovo,K320t
Lenovo,K5
Lenovo,K5 Note
Lenovo,K5 Note (2018)
Lenovo,K5 play
Lenovo,K5 Pro
Lenovo,K6
Lenovo,K6 Enjoy
Lenovo,K6 Note
Lenovo,K6 Power
Lenovo,K8
Lenovo,K8 Note
Lenovo,K8 Plus
Lenovo,K80
Lenovo,K9
Lenovo,Lemon 3
Lenovo,M10 FHD REL
Lenovo,M10 FHD REL
Lenovo,moto tab
Lenovo,P2
Lenovo,P70
Lenovo,P90
Lenovo,Phab
Lenovo,Phab Plus
Lenovo,Phab2
Lenovo,Phab2 Plus
Lenovo,Phab2 Pro
Lenovo,S5
Lenovo,S5 Pro
Lenovo,S5 Pro GT
Lenovo,S60
Lenovo,Tab 2 A10-70
Lenovo,Tab 2 A7-20
Lenovo,Tab 2 A7-30
Lenovo,Tab 2 A8-50
Lenovo,Tab 4 10
Lenovo,Tab 4 10 Plus
Lenovo,Tab 4 8
Lenovo,Tab 4 8 Plus
Lenovo,Tab 7
Lenovo,Tab 7 Essential
Lenovo,Tab M7
Lenovo,Tab M7
Lenovo,Tab M8 (FHD)
Lenovo,Tab M8 (FHD)
Lenovo,Tab M8 (HD)
Lenovo,Tab M8 (HD)
Lenovo,Tab V7
Lenovo,Tab3 10
Lenovo,Tab3 7
Lenovo,Tab3 8
Lenovo,Tab3 8 Plus
Lenovo,Vibe A
Lenovo,Vibe C
Lenovo,Vibe K4 Note
Lenovo,Vibe K5
Lenovo,Vibe K5 Plus
Lenovo,Vibe P1
Lenovo,Vibe P1 Turbo
Lenovo,Vibe P1m
Lenovo,Vibe S1
Lenovo,Vibe S1 Lite
Lenovo,Vibe Shot
Lenovo,Vibe X2 Pro
Lenovo,Vibe X3
Lenovo,Vibe X3 c78
Lenovo,Vibe Z3 Pro
Lenovo,Yoga Smart Tab
Lenovo,Yoga Smart Tab
Lenovo,Yoga Tab 3 Plus
Lenovo,Yoga Tab 3 Pro
Lenovo,Z5
Lenovo,Z5 Pro
Lenovo,Z5 Pro GT
Lenovo,Z5s
Lenovo,Z6
Lenovo,Z6
Lenovo,Z6 Pro
Lenovo,Z6 Pro
Lenovo,Z6 Pro 5G
Lenovo,Z6 Pro 5G
Lenovo,Z6 Youth
Lenovo,Z6 Youth
Lenovo,ZUK Edge
Lenovo,ZUK Z1
Lenovo,ZUK Z2
Lenovo,ZUK Z2 Pro
LG,AKA
LG,Aristo 2
LG,Bello II
LG,Candy
LG,Fantasy E740
LG,G Flex2
LG,G Pad 5 10.1
LG,G Pad 5 10.1
LG,G Pad II 10.1
LG,G Pad II 8.0 LTE
LG,G Pad II 8.3 LTE
LG,G Pad III 10.1 FHD
LG,G Pad III 8.0 FHD
LG,G Pad IV 8.0 FHD
LG,G Pad X 8.0
LG,G Stylo
LG,G Vista 2
LG,G4
LG,G4 Beat
LG,G4 Dual
LG,G4 Pro
LG,G4 Stylus
LG,G4c
LG,G5
LG,G5 SE
LG,G6
LG,G7 Fit
LG,G7 One
LG,G7 ThinQ
LG,G8 ThinQ
LG,G8s ThinQ
LG,G8S ThinQ
LG,G8S ThinQ
LG,G8X ThinQ
LG,G8X ThinQ
LG,Harmony
LG,Joy
LG,K10
LG,K10 (2017)
LG,K10 (2018)
LG,K11 Plus
LG,K20 (2019)
LG,K20 (2019)
LG,K20 plus
LG,K3
LG,K3 (2017)
LG,K30
LG,K30 (2019)
LG,K30 (2019)
LG,K4
LG,K4 (2017)
LG,K40
LG,K40S
LG,K40S
LG,K41S
LG,K41S
LG,K5
LG,K50
LG,K50S
LG,K50S
LG,K51S
LG,K51S
LG,K61
LG,K61
LG,K7
LG,K7 (2017)
LG,K8
LG,K8 (2017)
LG,K8 (2018)
LG,K8 (2018)
LG,Leon
LG,Magna
LG,Nexus 5X
LG,Optimus LTE
LG,Q Stylo 4
LG,Q Stylus
LG,Q51
LG,Q51
LG,Q6
LG,Q60
LG,Q61
LG,Q61
LG,Q7
LG,Q70
LG,Q70
LG,Q8
LG,Q8 (2017)
LG,Q8 (2018)
LG,Q8 (2018)
LG,Q9
LG,Ray
LG,Spirit
LG,Stylo 2
LG,Stylo 3 Plus
LG,Stylo 5
LG,Stylo 5
LG,Stylo 6
LG,Stylo 6
LG,Stylus 2
LG,Stylus 2 Plus
LG,Stylus 3
LG,Tribute 2
LG,Tribute Empire
LG,U
LG,V10
LG,V20
LG,V30
LG,V30S ThinQ
LG,V35 ThinQ
LG,V40 ThinQ
LG,V50 ThinQ 5G
LG,V50S ThinQ 5G
LG,V50S ThinQ 5G
LG,V60 ThinQ 5G
LG,V60 ThinQ 5G
LG,V60 ThinQ 5G UW
LG,V60 ThinQ 5G UW
LG,Velvet
LG,Velvet
LG,W10
LG,W10
LG,W10 Alpha
LG,W10 Alpha
LG,W30
LG,W30
LG,W30 Pro
LG,W30 Pro
LG,Wine Smart
LG,X cam
LG,X mach
LG,X max
LG,X power
LG,X power 3
LG,X power 3
LG,X power2
LG,X screen
LG,X Skin
LG,X style
LG,X venture
LG,X3
LG,X4+
LG,X5
LG,Zero
LG,Zone 4
Maxwest,Astro 3.5
Maxwest,Astro 4.5
Maxwest,Astro 5s
Maxwest,Astro 6
Maxwest,Astro X4
Maxwest,Astro X5
Maxwest,Astro X55
Maxwest,Gravity 5
Maxwest,Gravity 5 LTE
Maxwest,Gravity 5.5 LTE
Maxwest,Nitro 5
Maxwest,Nitro 5.5
Maxwest,Nitro 55 LTE
Maxwest,Nitro 55M
Maxwest,Nitro 5M
Maxwest,Nitro Phablet 71
Meizu,15
Meizu,16
Meizu,17
Meizu,17
Meizu,15 Lite
Meizu,15 Plus
Meizu,16 Plus
Meizu,16s
Meizu,16s
Meizu,16s Pro
Meizu,16s Pro
Meizu,16T
Meizu,16T
Meizu,16X
Meizu,16Xs
Meizu,16Xs
Meizu,17 Pro
Meizu,17 Pro
Meizu,C9
Meizu,C9 Pro
Meizu,E2
Meizu,E3
Meizu,M1
Meizu,M1 Metal
Meizu,M10
Meizu,M10
Meizu,M2
Meizu,M2 Note
Meizu,M3
Meizu,M3 Max
Meizu,M3 Note
Meizu,M3e
Meizu,M3s
Meizu,M3x
Meizu,M5
Meizu,M5 Note
Meizu,M5c
Meizu,M5s
Meizu,M6
Meizu,M6 Note
Meizu,M6s
Meizu,M6T
Meizu,M8c
Meizu,MX5
Meizu,MX5e
Meizu,MX6
Meizu,Note 8
Meizu,Note 9
Meizu,PRO 5
Meizu,PRO 5 mini
Meizu,Pro 6
Meizu,Pro 6 Plus
Meizu,Pro 6s
Meizu,Pro 7
Meizu,Pro 7 Plus
Meizu,U10
Meizu,U20
Meizu,V8
Meizu,V8 Pro
Meizu,X8
Meizu,Zero
Micromax,Bharat 2 Q402
Micromax,Bharat 2 Ultra
Micromax,Bharat 2+
Micromax,Bharat 3 Q437
Micromax,Bharat 4 Q440
Micromax,Bharat 5
Micromax,Bharat 5 Infinity
Micromax,Bharat 5 Plus
Micromax,Bharat 5 Pro
Micromax,Bharat Go
Micromax,Bolt A82
Micromax,Bolt D303
Micromax,Bolt D320
Micromax,Bolt D321
Micromax,Bolt Q324
Micromax,Bolt Q331
Micromax,Bolt Q332
Micromax,Bolt Q338
Micromax,Bolt Q339
Micromax,Bolt Q381
Micromax,Bolt S300
Micromax,Bolt S301
Micromax,Bolt S302
Micromax,Bolt Selfie Q424
Micromax,Bolt Supreme 2 Q301
Micromax,Bolt supreme 4 Q352
Micromax,Bolt Supreme Q300
Micromax,Canvas 1
Micromax,Canvas 1 2018
Micromax,Canvas 2 Q4310
Micromax,Canvas 5 E481
Micromax,Canvas 5 Lite Q462
Micromax,Canvas 6
Micromax,Canvas 6 Pro E484
Micromax,Canvas A1 AQ4502
Micromax,Canvas Amaze 2 E457
Micromax,Canvas Amaze 4G Q491
Micromax,Canvas Amaze Q395
Micromax,Canvas Blaze 4G Q400
Micromax,Canvas Blaze 4G+ Q414
Micromax,Canvas Evok E483
Micromax,Canvas Evok Note E453
Micromax,Canvas Evok Power Q4260
Micromax,Canvas Fire 4 A107
Micromax,Canvas Fire 4G Plus Q412
Micromax,Canvas Fire 4G Q411
Micromax,Canvas Fire 5 Q386
Micromax,Canvas Fire 6 Q428
Micromax,Canvas Hue
Micromax,Canvas Infinity
Micromax,Canvas Infinity Life
Micromax,Canvas Infinity Pro
Micromax,Canvas Juice 2 AQ5001
Micromax,Canvas Juice 3 Q392
Micromax,Canvas Juice 3+ Q394
Micromax,Canvas Juice 4 Q382
Micromax,Canvas Juice 4G Q461
Micromax,Canvas Knight 2 E471
Micromax,Canvas Mega 2 Q426
Micromax,Canvas Mega 4G Q417
Micromax,Canvas Mega E353
Micromax,Canvas Nitro 2 E311
Micromax,Canvas Nitro 3 E352
Micromax,Canvas Nitro 4G E455
Micromax,Canvas Pace 4G Q416
Micromax,Canvas Pep Q371
Micromax,Canvas Play 4G Q469
Micromax,Canvas Play Q355
Micromax,Canvas Pulse 4G E451
Micromax,Canvas Selfie 2 Q340
Micromax,Canvas Selfie 3 Q348
Micromax,Canvas Selfie 3 Q460
Micromax,Canvas Selfie 4
Micromax,Canvas Selfie Lens Q345
Micromax,Canvas Sliver 5 Q450
Micromax,Canvas Spark 2 Plus Q350
Micromax,Canvas Spark 2 Q334
Micromax,Canvas Spark 3 Q385
Micromax,Canvas Spark 4G Q4201
Micromax,Canvas Spark Q380
Micromax,Canvas Tab P470
Micromax,Canvas Tab P666
Micromax,Canvas Tab P690
Micromax,Canvas Unite 4
Micromax,Canvas Unite 4 Pro
Micromax,Canvas xp 4G Q413
Micromax,Canvas Xpress 2 E313
Micromax,Canvas Xpress 4G Q413
Micromax,Dual 4 E4816
Micromax,Dual 5
Micromax,Evok Dual Note E4815
Micromax,Infinity N11
Micromax,Infinity N12
Micromax,Q372 Unite 3
Micromax,Q391 Canvas Doodle 4
Micromax,Selfie 2 Note Q4601
Micromax,Selfie 2 Q4311
Micromax,Spark Vdeo Q415
Micromax,Unite 4 plus
Micromax,Vdeo 1
Micromax,Vdeo 2
Micromax,Vdeo 3
Micromax,Vdeo 4
Micromax,Vdeo 5
Microsoft,Lumia 1030
Microsoft,Lumia 1330
Microsoft,Lumia 430 Dual SIM
Microsoft,Lumia 435
Microsoft,Lumia 435 Dual SIM
Microsoft,Lumia 532
Microsoft,Lumia 532 Dual SIM
Microsoft,Lumia 540 Dual SIM
Microsoft,Lumia 550
Microsoft,Lumia 640 Dual SIM
Microsoft,Lumia 640 LTE
Microsoft,Lumia 640 LTE Dual SIM
Microsoft,Lumia 640 XL
Microsoft,Lumia 640 XL Dual SIM
Microsoft,Lumia 640 XL LTE
Microsoft,Lumia 640 XL LTE Dual SIM
Microsoft,Lumia 650
Microsoft,Lumia 850
Microsoft,Lumia 950
Microsoft,Lumia 950 Dual SIM
Microsoft,Lumia 950 XL
Microsoft,Lumia 950 XL Dual SIM
Motorola,Droid Bionic Targa
Motorola,Droid Maxx 2
Motorola,Droid Turbo 2
Motorola,Droid XTreme
Motorola,Edge+
Motorola,Edge+
Motorola,Moto C
Motorola,Moto C Plus
Motorola,Moto E (2020)
Motorola,Moto E (2020)
Motorola,Moto E (2nd gen)
Motorola,Moto E Dual SIM (2nd gen)
Motorola,Moto E3
Motorola,Moto E3 Power
Motorola,Moto E4
Motorola,Moto E4 (USA)
Motorola,Moto E4 Plus
Motorola,Moto E4 Plus (USA)
Motorola,Moto E5
Motorola,Moto E5 Cruise
Motorola,Moto E5 Play
Motorola,Moto E5 Play Go
Motorola,Moto E5 Plus
Motorola,Moto E6
Motorola,Moto E6
Motorola,Moto E6 Play
Motorola,Moto E6 Play
Motorola,Moto E6 Plus
Motorola,Moto E6 Plus
Motorola,Moto E6s (2020)
Motorola,Moto E6s (2020)
Motorola,Moto G (3rd gen)
Motorola,Moto G 4G (2nd gen)
Motorola,Moto G 4G Dual SIM (2nd gen)
Motorola,Moto G Dual SIM (3rd gen)
Motorola,Moto G Fast
Motorola,Moto G Fast
Motorola,Moto G Power
Motorola,Moto G Power
Motorola,Moto G Pro
Motorola,Moto G Pro
Motorola,Moto G Stylus
Motorola,Moto G Stylus
Motorola,Moto G Turbo
Motorola,Moto G4
Motorola,Moto G4 Play
Motorola,Moto G4 Plus
Motorola,Moto G5
Motorola,Moto G5 Plus
Motorola,Moto G5S
Motorola,Moto G5S Plus
Motorola,Moto G6
Motorola,Moto G6 Play
Motorola,Moto G6 Plus
Motorola,Moto G7
Motorola,Moto G7 Play
Motorola,Moto G7 Plus
Motorola,Moto G7 Power
Motorola,Moto G8
Motorola,Moto G8
Motorola,Moto G8 Play
Motorola,Moto G8 Play
Motorola,Moto G8 Plus
Motorola,Moto G8 Plus
Motorola,Moto G8 Power
Motorola,Moto G8 Power
Motorola,Moto G8 Power Lite
Motorola,Moto G8 Power Lite
Motorola,Moto M
Motorola,Moto X Force
Motorola,Moto X Play
Motorola,Moto X Play Dual SIM
Motorola,Moto X Style
Motorola,Moto X4
Motorola,Moto X5
Motorola,Moto Z
Motorola,Moto Z Force
Motorola,Moto Z Play
Motorola,Moto Z2 Force
Motorola,Moto Z2 Play
Motorola,Moto Z3
Motorola,Moto Z3 Play
Motorola,Moto Z4
Motorola,Moto Z4
Motorola,Moto Z4 Force
Motorola,Moto Z4 Force
Motorola,Moto Z4 Play
Motorola,Moto Z4 Play
Motorola,One (P30 Play)
Motorola,One Action
Motorola,One Action
Motorola,One Fusion+
Motorola,One Fusion+
Motorola,One Hyper
Motorola,One Hyper
Motorola,One Macro
Motorola,One Macro
Motorola,One Power (P30 Note)
Motorola,One Vision
Motorola,One Vision
Motorola,One Zoom
Motorola,One Zoom
Motorola,P30
Motorola,P40
Motorola,P40
Motorola,Razr 2019
Motorola,Razr 2019
NIU,Andy 3.5E2I
NIU,Andy 4E2I
NIU,Andy C5.5E2I
NIU,Tek 5D
Nokia,1
Nokia,1.3
Nokia,1.3
Nokia,2
Nokia,2.1
Nokia,2.2
Nokia,2.2
Nokia,2.3
Nokia,2.3
Nokia,3
Nokia,3.1
Nokia,3.2
Nokia,4.2
Nokia,5
Nokia,5.1
Nokia,5.3
Nokia,5.3
Nokia,6
Nokia,6.1
Nokia,6.2
Nokia,6.2
Nokia,7
Nokia,7.1
Nokia,7.2
Nokia,7.2
Nokia,8
Nokia,1 Plus
Nokia,3.1 A
Nokia,3.1 A
Nokia,3.1 C
Nokia,3.1 C
Nokia,3.1 Plus
Nokia,5.1 Plus (Nokia X5)
Nokia,6.1 Plus (Nokia X6)
Nokia,7 plus
Nokia,8 Sirocco
Nokia,8.1 (Nokia X7)
Nokia,8.1 Plus
Nokia,8.1 Plus
Nokia,8.3 5G
Nokia,8.3 5G
Nokia,9 PureView
Nokia,C2 Tava
Nokia,C2 Tava
Nokia,C2 Tennen
Nokia,C2 Tennen
Nokia,C5 Endi
Nokia,C5 Endi
Nokia,N87
Nokia,X71
Nvidia,Shield K1
OnePlus,2
OnePlus,3
OnePlus,5
OnePlus,6
OnePlus,3T
OnePlus,5T
OnePlus,6T
OnePlus,6T McLaren
OnePlus,7 Pro 5G
OnePlus,7 Pro 5G
OnePlus,7T
OnePlus,7T
OnePlus,7T Pro
OnePlus,7T Pro
OnePlus,7T Pro 5G McLaren
OnePlus,7T Pro 5G McLaren
OnePlus,8 5G (T-Mobile)
OnePlus,8 5G (T-Mobile)
OnePlus,8 5G UW (Verizon)
OnePlus,8 5G UW (Verizon)
OnePlus,X
Oppo,A1
Oppo,A12e
Oppo,A12e
Oppo,A1k
Oppo,A1k
Oppo,A3
Oppo,A31
Oppo,A31 (2015)
Oppo,A31 (2015)
Oppo,A33
Oppo,A37
Oppo,A39
Oppo,A3s
Oppo,A5
Oppo,A5 (2020)
Oppo,A5 (2020)
Oppo,A5 (AX5)
Oppo,A5 (AX5)
Oppo,A53
Oppo,A57
Oppo,A59
Oppo,A5s (AX5s)
Oppo,A7
Oppo,A71
Oppo,A71 (2018)
Oppo,A77
Oppo,A77 (Mediatek)
Oppo,A7n
Oppo,A7x
Oppo,A8
Oppo,A8
Oppo,A83
Oppo,A9 (2020)
Oppo,A9 (2020)
Oppo,A91
Oppo,A91
Oppo,A92s
Oppo,A92s
Oppo,A9x
Oppo,A9x
Oppo,Ace2
Oppo,Ace2
Oppo,F1
Oppo,F1 Plus
Oppo,F11
Oppo,F11 Pro
Oppo,F15
Oppo,F15
Oppo,F1s
Oppo,F3
Oppo,F3 Plus
Oppo,F5
Oppo,F5 Youth
Oppo,F7
Oppo,F7 Youth
Oppo,F9 (F9 Pro)
Oppo,Find X
Oppo,Find X Lamborghini
Oppo,Find X2
Oppo,Find X2
Oppo,Find X2 Lite
Oppo,Find X2 Lite
Oppo,Find X2 Neo
Oppo,Find X2 Neo
Oppo,Find X2 Pro
Oppo,Find X2 Pro
Oppo,Joy 3
Oppo,Joy Plus
Oppo,K1
Oppo,Mirror 3
Oppo,Mirror 5
Oppo,Mirror 5s
Oppo,Neo 5 (2015)
Oppo,Neo 5s
Oppo,Neo 7
Oppo,R11
Oppo,R11 Plus
Oppo,R11s
Oppo,R11s Plus
Oppo,R15
Oppo,R15 Pro
Oppo,R15x
Oppo,R17
Oppo,R1x
Oppo,R5s
Oppo,R7
Oppo,R7 lite
Oppo,R7 Plus
Oppo,R7s
Oppo,R9 Plus
Oppo,R9s
Oppo,R9s Plus
Oppo,Reno
Oppo,Reno 10x zoom
Oppo,Reno 5G
Oppo,Reno 5G
Oppo,Reno A
Oppo,Reno A
Oppo,Reno Ace
Oppo,Reno Ace
Oppo,Reno Z
Oppo,Reno Z
Oppo,Reno2
Oppo,Reno2
Oppo,Reno2 F
Oppo,Reno2 F
Oppo,Reno2 Z
Oppo,Reno2 Z
Oppo,Reno3
Oppo,Reno3
Oppo,Reno3 5G
Oppo,Reno3 5G
Oppo,Reno3 Pro
Oppo,Reno3 Pro
Oppo,Reno3 Pro 5G
Oppo,Reno3 Pro 5G
Oppo,Reno3 Youth
Oppo,Reno3 Youth
Oppo,Reno4 5G
Oppo,Reno4 5G
Oppo,Reno4 Pro 5G
Oppo,Reno4 Pro 5G
Oppo,RX17 Neo
Oppo,RX17 Pro
Oppo,U3
Orange,Neva jet 5G
Orange,Neva jet 5G
Palm,Palm
Panasonic,Eluga A2
Panasonic,Eluga A3
Panasonic,Eluga A3 Pro
Panasonic,Eluga A4
Panasonic,Eluga Arc
Panasonic,Eluga Arc 2
Panasonic,Eluga C
Panasonic,Eluga I2
Panasonic,Eluga I2 (2016)
Panasonic,Eluga I2 Activ
Panasonic,Eluga I3
Panasonic,Eluga i3 Mega
Panasonic,Eluga I4
Panasonic,Eluga I5
Panasonic,Eluga I7
Panasonic,Eluga I7 (2019)
Panasonic,Eluga I7 (2019)
Panasonic,Eluga I9
Panasonic,Eluga Icon
Panasonic,Eluga L 4G
Panasonic,Eluga L2
Panasonic,Eluga Mark
Panasonic,Eluga Mark 2
Panasonic,Eluga Note
Panasonic,Eluga Pulse
Panasonic,Eluga Pulse X
Panasonic,Eluga Ray
Panasonic,Eluga Ray 500
Panasonic,Eluga Ray 530
Panasonic,Eluga Ray 550
Panasonic,Eluga Ray 600
Panasonic,Eluga Ray 700
Panasonic,Eluga Ray 800
Panasonic,Eluga Ray Max
Panasonic,Eluga Ray X
Panasonic,Eluga S mini
Panasonic,Eluga Switch
Panasonic,Eluga Tapp
Panasonic,Eluga Turbo
Panasonic,Eluga U2
Panasonic,Eluga X1 Pro
Panasonic,Eluga Z
Panasonic,Eluga Z1 Pro
Panasonic,P100
Panasonic,P101
Panasonic,P55 Max
Panasonic,P55 Novo
Panasonic,P66
Panasonic,P77
Panasonic,P85
Panasonic,P85 Nxt
Panasonic,P88
Panasonic,P9
Panasonic,P90
Panasonic,P91
Panasonic,P95
Panasonic,P99
Panasonic,T45
Panasonic,T50
Philips,I908
Philips,I928
Philips,S309
Philips,S337
Philips,S396
Philips,S616
Philips,V377
Philips,V526
Philips,V787
Plum,Axe 4
Plum,Axe LTE
Plum,Axe Plus 2
Plum,Check LTE
Plum,Compass
Plum,Compass 2
Plum,Compass LTE
Plum,Gator 3
Plum,Gator 4
Plum,Gator 5
Plum,Gator Plus II
Plum,Might Plus II
Plum,Optimax 10
Plum,Optimax 11
Plum,Optimax 12
Plum,Optimax 13
Plum,Optimax 2
Plum,Optimax 7.0
Plum,Optimax 8.0
Plum,Phantom
Plum,Phantom 2
Plum,Sync 4.0b
Plum,Trigger Plus III
Posh,Equal Plus X700
Posh,Equal Pro LTE L700
Posh,Icon HD X551
Posh,Icon S510
Posh,Kick Lite S410
Posh,Kick Pro LTE L520
Posh,Kick X511
Posh,Memo Pro LTE L600
Posh,Optima LTE L530
Posh,Primo Plus C353
Posh,Titan Max HD E550
Posh,Ultra 5.0 LTE L500
Posh,Ultra Max LTE L550
Posh,Volt LTE L540
Posh,Volt Max LTE L640
QMobile,A1
QMobile,E1
QMobile,Energy X2
QMobile,J7 Pro
QMobile,King Kong Max
QMobile,Linq L10
QMobile,Linq L15
QMobile,Linq X70
QMobile,M350 Pro
QMobile,M6
QMobile,M6 Lite
QMobile,Noir A1
QMobile,Noir A6
QMobile,Noir A750
QMobile,Noir E2
QMobile,Noir E8
QMobile,Noir i6 Metal HD
QMobile,Noir i8
QMobile,Noir J7
QMobile,Noir LT150
QMobile,Noir LT250
QMobile,Noir LT600
QMobile,Noir LT680
QMobile,Noir LT700 Pro
QMobile,Noir LT750
QMobile,Noir M300
QMobile,Noir S1
QMobile,Noir S2
QMobile,Noir S4
QMobile,Noir S5
QMobile,Noir S6 Plus
QMobile,Noir S9
QMobile,Noir X350
QMobile,Noir X450
QMobile,Noir X550
QMobile,Noir X60
QMobile,Noir X600
QMobile,Noir X700
QMobile,Noir X80
QMobile,Noir X90
QMobile,Noir X900
QMobile,Noir X950
QMobile,Noir Z10
QMobile,Noir Z12
QMobile,Noir Z12 Pro
QMobile,Noir Z14
QMobile,Noir Z7
QMobile,Noir Z8
QMobile,Noir Z8 Plus
QMobile,Noir Z9
QMobile,Noir Z9 Plus
QMobile,QTab V10
QMobile,T200 Bolt
QMobile,T50 Bolt
QMobile,W1
Razer,Phone
Razer,Phone 2
Realme,1
Realme,2
Realme,3
Realme,2 Pro
Realme,3 Pro
Realme,3 Pro
Realme,3i
Realme,3i
Realme,5 Pro
Realme,5 Pro
Realme,5i
Realme,5i
Realme,5s
Realme,5s
Realme,6 Pro
Realme,6 Pro
Realme,6i
Realme,6i
Realme,6S
Realme,6S
Realme,C1
Realme,C1 (2019)
Realme,C2 2020
Realme,C2 2020
Realme,C2s
Realme,C2s
Realme,C3 (3 cameras)
Realme,C3 (3 cameras)
Realme,Narzo 10
Realme,Narzo 10
Realme,Narzo 10A
Realme,Narzo 10A
Realme,U1
Realme,X2 Pro
Realme,X2 Pro
Realme,X3 SuperZoom
Realme,X3 SuperZoom
Realme,X50 5G
Realme,X50 5G
Realme,X50 Pro 5G
Realme,X50 Pro 5G
Realme,X50 Pro Player
Realme,X50 Pro Player
Realme,X50m 5G
Realme,X50m 5G
Realme,XT
Realme,XT
Realme,XT 730G
Realme,XT 730G
Samsung,Galaxy A Quantum
Samsung,Galaxy A01
Samsung,Galaxy A10
Samsung,Galaxy A10e
Samsung,Galaxy A10s
Samsung,Galaxy A11
Samsung,Galaxy A2 Core
Samsung,Galaxy A20
Samsung,Galaxy A20e
Samsung,Galaxy A20s
Samsung,Galaxy A21
Samsung,Galaxy A21s
Samsung,Galaxy A3 (2016)
Samsung,Galaxy A3 (2017)
Samsung,Galaxy A30
Samsung,Galaxy A30s
Samsung,Galaxy A31
Samsung,Galaxy A40
Samsung,Galaxy A41
Samsung,Galaxy A5 (2016)
Samsung,Galaxy A5 (2017)
Samsung,Galaxy A50
Samsung,Galaxy A50s
Samsung,Galaxy A51
Samsung,Galaxy A51 5G
Samsung,Galaxy A6 (2018)
Samsung,Galaxy A6+ (2018)
Samsung,Galaxy A60
Samsung,Galaxy A6s
Samsung,Galaxy A7
Samsung,Galaxy A7 (2016)
Samsung,Galaxy A7 (2017)
Samsung,Galaxy A7 (2018)
Samsung,Galaxy A7 Duos
Samsung,Galaxy A70
Samsung,Galaxy A70s
Samsung,Galaxy A71
Samsung,Galaxy A71 5G
Samsung,Galaxy A8
Samsung,Galaxy A8 (2016)
Samsung,Galaxy A8 (2018)
Samsung,Galaxy A8 Duos
Samsung,Galaxy A8 Star (A9 Star)
Samsung,Galaxy A8+ (2018)
Samsung,Galaxy A80
Samsung,Galaxy A8s
Samsung,Galaxy A9 (2016)
Samsung,Galaxy A9 (2018)
Samsung,Galaxy A9 Pro (2016)
Samsung,Galaxy A90 5G
Samsung,Galaxy C10
Samsung,Galaxy C5
Samsung,Galaxy C5 Pro
Samsung,Galaxy C7
Samsung,Galaxy C7 (2017)
Samsung,Galaxy C7 Pro
Samsung,Galaxy C9 Pro
Samsung,Galaxy E5
Samsung,Galaxy E7
Samsung,Galaxy Express Prime
Samsung,Galaxy F
Samsung,Galaxy Fold
Samsung,Galaxy Fold 5G
Samsung,Galaxy Folder
Samsung,Galaxy Folder2
Samsung,Galaxy Grand 3
Samsung,Galaxy Grand Max
Samsung,Galaxy Grand Prime Plus
Samsung,Galaxy J Max
Samsung,Galaxy J1
Samsung,Galaxy J1 (2016)
Samsung,Galaxy J1 4G
Samsung,Galaxy J1 Ace
Samsung,Galaxy J1 mini prime
Samsung,Galaxy J1 Nxt
Samsung,Galaxy J2
Samsung,Galaxy J2 (2016)
Samsung,Galaxy J2 (2017)
Samsung,Galaxy J2 Core
Samsung,Galaxy J2 Core (2020)
Samsung,Galaxy J2 Prime
Samsung,Galaxy J2 Pro (2016)
Samsung,Galaxy J2 Pro (2018)
Samsung,Galaxy J3 (2016)
Samsung,Galaxy J3 (2017)
Samsung,Galaxy J3 (2018)
Samsung,Galaxy J3 Emerge
Samsung,Galaxy J3 Pro
Samsung,Galaxy J4
Samsung,Galaxy J4 Core
Samsung,Galaxy J4+
Samsung,Galaxy J5
Samsung,Galaxy J5 (2016)
Samsung,Galaxy J5 (2017)
Samsung,Galaxy J5 Prime
Samsung,Galaxy J5 Prime (2017)
Samsung,Galaxy J6
Samsung,Galaxy J6+
Samsung,Galaxy J7
Samsung,Galaxy J7 (2016)
Samsung,Galaxy J7 (2017)
Samsung,Galaxy J7 (2018)
Samsung,Galaxy J7 Duo
Samsung,Galaxy J7 Max
Samsung,Galaxy J7 Nxt
Samsung,Galaxy J7 Prime
Samsung,Galaxy J7 Prime 2
Samsung,Galaxy J7 Pro
Samsung,Galaxy J7 V
Samsung,Galaxy J8
Samsung,Galaxy M01
Samsung,Galaxy M10
Samsung,Galaxy M10s
Samsung,Galaxy M11
Samsung,Galaxy M20
Samsung,Galaxy M21
Samsung,Galaxy M30
Samsung,Galaxy M30s
Samsung,Galaxy M31
Samsung,Galaxy M40
Samsung,Galaxy Note FE
Samsung,Galaxy Note10
Samsung,Galaxy Note10 5G
Samsung,Galaxy Note10 Lite
Samsung,Galaxy Note10+
Samsung,Galaxy Note10+ 5G
Samsung,Galaxy Note5
Samsung,Galaxy Note5 (USA)
Samsung,Galaxy Note5 Duos
Samsung,Galaxy Note7
Samsung,Galaxy Note7 (USA)
Samsung,Galaxy Note8
Samsung,Galaxy Note9
Samsung,Galaxy On5
Samsung,Galaxy On5 (2016)
Samsung,Galaxy On5 Pro
Samsung,Galaxy On6
Samsung,Galaxy On7
Samsung,Galaxy On7 (2016)
Samsung,Galaxy On7 Pro
Samsung,Galaxy On8
Samsung,Galaxy S Light Luxury
Samsung,Galaxy S10
Samsung,Galaxy S10 5G
Samsung,Galaxy S10 Lite
Samsung,Galaxy S10+
Samsung,Galaxy S10e
Samsung,Galaxy S20
Samsung,Galaxy S20 5G
Samsung,Galaxy S20 5G UW
Samsung,Galaxy S20 Ultra
Samsung,Galaxy S20 Ultra 5G
Samsung,Galaxy S20+
Samsung,Galaxy S20+ 5G
Samsung,Galaxy S4 mini I9195I
Samsung,Galaxy S5 Neo
Samsung,Galaxy S6
Samsung,Galaxy S6 (USA)
Samsung,Galaxy S6 active
Samsung,Galaxy S6 Duos
Samsung,Galaxy S6 edge
Samsung,Galaxy S6 edge (USA)
Samsung,Galaxy S6 edge+
Samsung,Galaxy S6 edge+ (USA)
Samsung,Galaxy S6 edge+ Duos
Samsung,Galaxy S6 Plus
Samsung,Galaxy S7
Samsung,Galaxy S7 (USA)
Samsung,Galaxy S7 active
Samsung,Galaxy S7 edge
Samsung,Galaxy S7 edge (USA)
Samsung,Galaxy S7 mini
Samsung,Galaxy S8
Samsung,Galaxy S8 Active
Samsung,Galaxy S8+
Samsung,Galaxy S9
Samsung,Galaxy S9 Active
Samsung,Galaxy S9+
Samsung,Galaxy Tab 3 Plus 10.1 P8220
Samsung,Galaxy Tab 3 V
Samsung,Galaxy Tab 4 10.1 (2015)
Samsung,Galaxy Tab 4 8.0 (2015)
Samsung,Galaxy Tab A 10.1 (2016)
Samsung,Galaxy Tab A 10.1 (2019)
Samsung,Galaxy Tab A 10.5
Samsung,Galaxy Tab A 7.0 (2016)
Samsung,Galaxy Tab A 8 (2019)
Samsung,Galaxy Tab A 8.0
Samsung,Galaxy Tab A 8.0 & S Pen
Samsung,Galaxy Tab A 8.0 & S Pen (2015)
Samsung,Galaxy Tab A 8.0 & S Pen (2019)
Samsung,Galaxy Tab A 8.0 (2015)
Samsung,Galaxy Tab A 8.0 (2017)
Samsung,Galaxy Tab A 8.0 (2018)
Samsung,Galaxy Tab A 8.0 (2019)
Samsung,Galaxy Tab A 9.7
Samsung,Galaxy Tab A 9.7 & S Pen
Samsung,Galaxy Tab Active 2
Samsung,Galaxy Tab Active Pro
Samsung,Galaxy Tab Advanced2
Samsung,Galaxy Tab E 8.0
Samsung,Galaxy Tab E 9.6
Samsung,Galaxy Tab J
Samsung,Galaxy Tab S2 8.0
Samsung,Galaxy Tab S2 9.7
Samsung,Galaxy Tab S3 9.7
Samsung,Galaxy Tab S4 10.5
Samsung,Galaxy Tab S5e
Samsung,Galaxy Tab S6
Samsung,Galaxy Tab S6 5G
Samsung,Galaxy Tab S6 Lite
Samsung,Galaxy View2
Samsung,Galaxy Xcover 3
Samsung,Galaxy Xcover 3 G389F
Samsung,Galaxy Xcover 4
Samsung,Galaxy Xcover 4s
Samsung,Galaxy Xcover FieldPro
Samsung,Galaxy Xcover Pro
Samsung,Galaxy Z Flip
Samsung,Z1
Samsung,Z2
Samsung,Z3
Samsung,Z3 Corporate
Samsung,Z4
Sharp,Aquos B10
Sharp,Aquos C10
Sharp,Aquos Crystal 2
Sharp,Aquos D10
Sharp,Aquos R2
Sharp,Aquos R2 compact
Sharp,Aquos S2
Sharp,Aquos S3
Sharp,Aquos S3 High
Sharp,Aquos S3 mini
Sharp,Aquos V
Sharp,Aquos Xx
Sharp,Aquos Zero
Sharp,Aquos Zero 2
Sharp,MS1
Sharp,Pi
Sharp,R1S
Sharp,Z2
Sharp,Z3
Sonim,XP8
Sony,Xperia 1
Sony,Xperia 1 II
Sony,Xperia 10
Sony,Xperia 10 II
Sony,Xperia 10 Plus
Sony,Xperia 5
Sony,Xperia C4
Sony,Xperia C4 Dual
Sony,Xperia C5 Ultra
Sony,Xperia C5 Ultra Dual
Sony,Xperia E1 II
Sony,Xperia E4
Sony,Xperia E4 Dual
Sony,Xperia E4g
Sony,Xperia E4g Dual
Sony,Xperia E5
Sony,Xperia H8541
Sony,Xperia L1
Sony,Xperia L2
Sony,Xperia L3
Sony,Xperia L4
Sony,Xperia M Ultra
Sony,Xperia M4 Aqua
Sony,Xperia M4 Aqua Dual
Sony,Xperia M5
Sony,Xperia M5 Dual
Sony,Xperia R1 (Plus)
Sony,Xperia X
Sony,Xperia X Compact
Sony,Xperia X Performance
Sony,Xperia X Premium
Sony,Xperia X Ultra
Sony,Xperia XA
Sony,Xperia XA Dual
Sony,Xperia XA Ultra
Sony,Xperia XA1
Sony,Xperia XA1 Plus
Sony,Xperia XA1 Ultra
Sony,Xperia XA2
Sony,Xperia XA2 Plus
Sony,Xperia XA2 Ultra
Sony,Xperia XZ
Sony,Xperia XZ Premium
Sony,Xperia XZ1
Sony,Xperia XZ1 Compact
Sony,Xperia XZ2
Sony,Xperia XZ2 Compact
Sony,Xperia XZ2 Premium
Sony,Xperia XZ3
Sony,Xperia XZs
Sony,Xperia Z3+
Sony,Xperia Z3+ dual
Sony,Xperia Z4 Compact
Sony,Xperia Z4 Tablet LTE
Sony,Xperia Z4 Tablet WiFi
Sony,Xperia Z4 Ultra
Sony,Xperia Z4v
Sony,Xperia Z5
Sony,Xperia Z5 Compact
Sony,Xperia Z5 Dual
Sony,Xperia Z5 Premium
Sony,Xperia Z5 Premium Dual
Sony Ericsson,Windows Phone 7
Sony Ericsson,Xperia Duo
TCL,10 5G
TCL,10 Pro
TCL,10L
TCL,Plex
TECNO,Camon 11
TECNO,Camon 11 Pro
TECNO,Camon 12
TECNO,Camon 12 Air
TECNO,Camon 12 Pro
TECNO,Camon 15
TECNO,Camon 15 Air
TECNO,Camon 15 Premier
TECNO,Camon 15 Pro
TECNO,Camon CM
TECNO,Camon CX
TECNO,Camon CX Air
TECNO,Camon CX Manchester City LE
TECNO,Camon iACE2
TECNO,Camon iACE2X
TECNO,Camon X
TECNO,Camon X Pro
TECNO,F2
TECNO,F2 LTE
TECNO,Phantom 6
TECNO,Phantom 6 Plus
TECNO,Phantom 8
TECNO,Phantom 9
TECNO,Pop 1
TECNO,Pop 1 Lite
TECNO,Pop 1 Pro
TECNO,Pop 1s
TECNO,Pop 2 F
TECNO,Pop 2 Plus
TECNO,Pop 3 Plus
TECNO,Pouvoir 1
TECNO,Pouvoir 2
TECNO,Pouvoir 2 Pro
TECNO,Pouvoir 3
TECNO,Pouvoir 3 Air
TECNO,Pouvoir 3 Plus
TECNO,Spark
TECNO,Spark 2
TECNO,Spark 3
TECNO,Spark 3 Pro
TECNO,Spark 4 Lite
TECNO,Spark 5
TECNO,Spark 5 Air
TECNO,Spark CM
TECNO,Spark Go
TECNO,Spark Plus
TECNO,Spark Power 2
TECNO,Spark Pro
T-Mobile,myTouch qwerty
T-Mobile,Revvl
T-Mobile,Revvlry
T-Mobile,Revvlry+
Ulefone,Armor 2
Ulefone,Armor 3W
Ulefone,Armor 3WT
Ulefone,Armor 5S
Ulefone,Armor 6E
Ulefone,Armor 6S
Ulefone,Armor 7
Ulefone,Armor 7E
Ulefone,Armor X
Ulefone,Armor X2
Ulefone,Armor X3
Ulefone,Armor X5
Ulefone,Armor X6
Ulefone,Armor X7
Ulefone,Armor X7 Pro
Ulefone,Note 7
Ulefone,Note 7P
Ulefone,Note 8P
Ulefone,S1
Ulefone,S11
Ulefone,T2
Ulefone,T2 Pro
Unnecto,Air 4.5
Unnecto,Air 5.0
Unnecto,Air 5.5
Unnecto,Bolt
Unnecto,Drone X
Unnecto,Drone XL
Unnecto,Drone XS
Unnecto,Neo V
Unnecto,Omnia
Unnecto,Quattro S
Unnecto,Quattro V
Unnecto,Quattro X
Unnecto,Swift
Vertu,Signature Touch (2015)
verykool,Kolorpad LTE TL8010
verykool,s3504 Mystic II
verykool,s4002 Leo
verykool,s4007 Leo IV
verykool,s4008 Leo V
verykool,s4009 Crystal
verykool,s4010 Gazelle
verykool,s4513 Luna II
verykool,s5001 Lotus
verykool,s5007 Lotus Plus
verykool,s5014 Atlas
verykool,s5015 Spark II
verykool,s5017 Dorado
verykool,s5017Q Dorado
verykool,s5019 Wave
verykool,s5020 Giant
verykool,s5021 Wave Pro
verykool,s5025 Helix
verykool,s5027 Bolt Pro
verykool,s5028 Bolt
verykool,s5029 Bolt Pro
verykool,s5030 Helix II
verykool,s5031 Bolt Turbo
verykool,s5034 Spear Jr.
verykool,s5035 Spear
verykool,s5036 Apollo
verykool,s5037 Apollo Quattro
verykool,s5200 Orion
verykool,s5205 Orion Pro
verykool,s5518 Maverick
verykool,s5518Q Maverick
verykool,s5524 Maverick III Jr.
verykool,s5525 Maverick III
verykool,s5526 Alpha
verykool,s5527 Alpha Pro
verykool,s5528 Cosmo
verykool,s5530 Maverick II
verykool,s5702 Royale Quattro
verykool,s6001 Cyprus
verykool,s6004 Cyprus Jr.
verykool,s6005 Cyprus II
verykool,s6005X Cyprus Pro
verykool,SL4500 Fusion
verykool,SL4502 Fusion II
verykool,sl5009 Jet
verykool,SL5011 Spark LTE
verykool,sl5029 Bolt Pro LTE
verykool,sl5050 Phantom
verykool,Sl5200 Eclipse
verykool,SL5550 Maverick LTE
verykool,SL5560 Maverick Pro
verykool,SL5565 Rocket
verykool,SL6010 Cyprus LTE
verykool,T7440 Kolorpad II
verykool,T7445
vivo,iQOO
vivo,iQOO 3 5G
vivo,iQOO Neo
vivo,iQOO Neo 855
vivo,iQOO Neo 855 Racing
vivo,iQOO Neo3 5G
vivo,iQOO Pro
vivo,iQOO Pro 5G
vivo,iQOO Z1
vivo,NEX 3
vivo,NEX 3 5G
vivo,NEX 3S 5G
vivo,NEX A
vivo,NEX S
vivo,S1
vivo,S1 (China)
vivo,S1 Pro
vivo,S1 Pro (China)
vivo,S6 5G
vivo,V1
vivo,V1 Max
vivo,V11 (V11 Pro)
vivo,V11i
vivo,V15
vivo,V15 Pro
vivo,V17
vivo,V17 (Russia)
vivo,V17 Neo
vivo,V17 Pro
vivo,V19
vivo,V19 (Indonesia)
vivo,V19 Neo
vivo,V3
vivo,V3Max
vivo,V5
vivo,V5 Lite (vivo 1609)
vivo,V5 Plus
vivo,V5s
vivo,V7
vivo,V7+
vivo,V9
vivo,V9 6GB
vivo,V9 Youth
vivo,X20
vivo,X20 Plus
vivo,X20 Plus UD
vivo,X21
vivo,X21 UD
vivo,X21i
vivo,X23
vivo,X27
vivo,X27 Pro
vivo,X30
vivo,X30 Pro
vivo,X50 Lite
vivo,X50 Pro
vivo,X50 Pro+
vivo,X5Max Platinum Edition
vivo,X5Max+
vivo,X5Pro
vivo,X6
vivo,X6Plus
vivo,X6S
vivo,X6S Plus
vivo,X7
vivo,X7 Plus
vivo,X9
vivo,X9 Plus
vivo,X9s
vivo,X9s Plus
vivo,Xplay5
vivo,Xplay5 Elite
vivo,Xplay6
vivo,Xplay7
vivo,Y11 (2019)
vivo,Y12
vivo,Y15S
vivo,Y15S (2015)
vivo,Y17
vivo,Y19
vivo,Y25
vivo,Y3
vivo,Y3 (4GB+64GB)
vivo,Y3 Standard
vivo,Y30
vivo,Y31
vivo,Y35
vivo,Y37
vivo,Y50
vivo,Y51
vivo,Y53
vivo,Y53i
vivo,Y55L (vivo 1603)
vivo,Y55s
vivo,Y65
vivo,Y67
vivo,Y69
vivo,Y70s
vivo,Y71
vivo,Y71i
vivo,Y81
vivo,Y81i
vivo,Y83
vivo,Y83 Pro
vivo,Y89
vivo,Y90
vivo,Y91
vivo,Y91 (Mediatek)
vivo,Y91i
vivo,Y91i (India)
vivo,Y93
vivo,Y93 (Mediatek)
vivo,Y93s
vivo,Y95
vivo,Y97
vivo,Z1
vivo,Z1 Lite
vivo,Z1i
vivo,Z1Pro
vivo,Z1x
vivo,Z3
vivo,Z3i
vivo,Z3x
vivo,Z5i
vivo,Z5x
vivo,Z5x (2020)
vivo,Z6 5G
Vodafone,360 H2
Vodafone,Smart 4 max
Vodafone,Smart E8
Vodafone,Smart E9
Vodafone,Smart N10
Vodafone,Smart N8
Vodafone,Smart N9
Vodafone,Smart N9 lite
Vodafone,Smart Platinum 7
Vodafone,Smart prime 6
Vodafone,Smart prime 7
Vodafone,Smart speed 6
Vodafone,Smart Tab N8
Vodafone,Smart Turbo 7
Vodafone,Smart ultra 6
Vodafone,Smart ultra 7
Vodafone,Smart V10
Vodafone,Smart V8
Vodafone,Smart X9
Vodafone,Tab Prime 6
Vodafone,Tab Prime 7
Wiko,Bloom2
Wiko,Fever 4G
Wiko,Fever SE
Wiko,Highway Pure 4G
Wiko,Highway Star 4G
Wiko,Lenny2
Wiko,Lenny3
Wiko,Pulp
Wiko,Pulp 4G
Wiko,Pulp Fab
Wiko,Pulp Fab 4G
Wiko,Rainbow Jam
Wiko,Rainbow Jam 4G
Wiko,Rainbow Lite 4G
Wiko,Rainbow UP 4G
Wiko,Ridge 4G
Wiko,Ridge Fab 4G
Wiko,Robby
Wiko,Selfy 4G
Wiko,Sunny
Wiko,Sunny3
Wiko,Sunset2
Wiko,Tommy
Wiko,Tommy2
Wiko,Tommy2 Plus
Wiko,U Feel Lite
Wiko,U Feel Prime
Wiko,View
Wiko,View Max
Wiko,View Prime
Wiko,View XL
Wiko,View2
Wiko,View2 Go
Wiko,View2 Plus
Wiko,View2 Pro
Wiko,View3
Wiko,View3 Pro
Wiko,WIM
Wiko,WIM Lite
Wiko,Y80
Xiaomi,Black Shark
Xiaomi,Black Shark 2
Xiaomi,Black Shark 2 Pro
Xiaomi,Black Shark 3
Xiaomi,Black Shark 3 Pro
Xiaomi,Black Shark Helo
Xiaomi,Mi 10 5G
Xiaomi,Mi 10 Lite 5G
Xiaomi,Mi 10 Pro 5G
Xiaomi,Mi 10 Youth 5G
Xiaomi,Mi 4c
Xiaomi,Mi 4i
Xiaomi,Mi 4s
Xiaomi,Mi 5
Xiaomi,Mi 5c
Xiaomi,Mi 5s
Xiaomi,Mi 5s Plus
Xiaomi,Mi 6
Xiaomi,Mi 6 Plus
Xiaomi,Mi 6c
Xiaomi,Mi 8
Xiaomi,Mi 8 Explorer
Xiaomi,Mi 8 Lite
Xiaomi,Mi 8 Pro
Xiaomi,Mi 8 SE
Xiaomi,Mi 9
Xiaomi,Mi 9 Explorer
Xiaomi,Mi 9 Lite
Xiaomi,Mi 9 Pro
Xiaomi,Mi 9 Pro 5G
Xiaomi,Mi 9 SE
Xiaomi,Mi 9T
Xiaomi,Mi 9T Pro
Xiaomi,Mi 9X
Xiaomi,Mi A1 (Mi 5X)
Xiaomi,Mi A2 (Mi 6X)
Xiaomi,Mi A2 Lite (Redmi 6 Pro)
Xiaomi,Mi A3
Xiaomi,Mi CC9
Xiaomi,Mi CC9 Pro
Xiaomi,Mi CC9e
Xiaomi,Mi Max
Xiaomi,Mi Max 2
Xiaomi,Mi Max 3
Xiaomi,Mi Max 4
Xiaomi,Mi Max 4 Pro
Xiaomi,Mi Mix
Xiaomi,Mi Mix 2
Xiaomi,Mi Mix 2S
Xiaomi,Mi Mix 3
Xiaomi,Mi Mix 3 5G
Xiaomi,Mi Mix Alpha
Xiaomi,Mi Note
Xiaomi,Mi Note 10
Xiaomi,Mi Note 10 Lite
Xiaomi,Mi Note 10 Pro
Xiaomi,Mi Note 2
Xiaomi,Mi Note 3
Xiaomi,Mi Note Plus
Xiaomi,Mi Note Pro
Xiaomi,Mi Pad 2
Xiaomi,Mi Pad 3
Xiaomi,Mi Pad 4
Xiaomi,Mi Pad 4 Plus
Xiaomi,Mi Play
Xiaomi,Poco F2 Pro
Xiaomi,Poco X2
Xiaomi,Pocophone F1
Xiaomi,Redmi 10X 4G
Xiaomi,Redmi 10X 5G
Xiaomi,Redmi 10X Pro 5G
Xiaomi,Redmi 2
Xiaomi,Redmi 2 Prime
Xiaomi,Redmi 2 Pro
Xiaomi,Redmi 2A
Xiaomi,Redmi 3
Xiaomi,Redmi 3 Pro
Xiaomi,Redmi 3s
Xiaomi,Redmi 3s Prime
Xiaomi,Redmi 3x
Xiaomi,Redmi 4 (4X)
Xiaomi,Redmi 4 (China)
Xiaomi,Redmi 4 Prime
Xiaomi,Redmi 4A
Xiaomi,Redmi 5
Xiaomi,Redmi 5 Plus (Redmi Note 5)
Xiaomi,Redmi 5A
Xiaomi,Redmi 6
Xiaomi,Redmi 6A
Xiaomi,Redmi 7
Xiaomi,Redmi 7A
Xiaomi,Redmi 8
Xiaomi,Redmi 8A
Xiaomi,Redmi 8A Dual
Xiaomi,Redmi 8A Pro
Xiaomi,Redmi 9
Xiaomi,Redmi Go
Xiaomi,Redmi K20
Xiaomi,Redmi K20 Pro
Xiaomi,Redmi K20 Pro Premium
Xiaomi,Redmi K30
Xiaomi,Redmi K30 5G
Xiaomi,Redmi K30 5G Racing
Xiaomi,Redmi K30 Pro
Xiaomi,Redmi K30 Pro Zoom
Xiaomi,Redmi K30i 5G
Xiaomi,Redmi Note 2
Xiaomi,Redmi Note 3
Xiaomi,Redmi Note 3 (MediaTek)
Xiaomi,Redmi Note 4
Xiaomi,Redmi Note 4 (MediaTek)
Xiaomi,Redmi Note 4X
Xiaomi,Redmi Note 5 (Redmi 5 Plus)
Xiaomi,Redmi Note 5 AI Dual Camera
Xiaomi,Redmi Note 5 Pro
Xiaomi,Redmi Note 6 Pro
Xiaomi,Redmi Note 7
Xiaomi,Redmi Note 7 Pro
Xiaomi,Redmi Note 7S
Xiaomi,Redmi Note 8
Xiaomi,Redmi Note 8 Pro
Xiaomi,Redmi Note 8T
Xiaomi,Redmi Note 9
Xiaomi,Redmi Note 9 Pro
Xiaomi,Redmi Note 9 Pro (India)
Xiaomi,Redmi Note 9 Pro Max
Xiaomi,Redmi Note 9S
Xiaomi,Redmi Note Prime
Xiaomi,Redmi Pro
Xiaomi,Redmi Pro 2
Xiaomi,Redmi S2 (Redmi Y2)
Xiaomi,Redmi Y1 (Note 5A)
Xiaomi,Redmi Y1 Lite
Xiaomi,Redmi Y3
XOLO,8X-1020
XOLO,A1010
XOLO,Black
XOLO,Black 1X
XOLO,Black 3GB
XOLO,Cube 5.0
XOLO,Era
XOLO,Era 1X
XOLO,Era 2
XOLO,Era 2X
XOLO,Era 4G
XOLO,Era 4K
XOLO,Era X
XOLO,LT2000
XOLO,One HD
XOLO,Prime
XOLO,Q520s
XOLO,Q700 Club
XOLO,Win Q1000
Yezz,4.5EL LTE
Yezz,5M
Yezz,Andy 3.5E2I
Yezz,Andy 3.5EI2
Yezz,Andy 3.5EI3
Yezz,Andy 4.5EL LTE
Yezz,Andy 4.7T
Yezz,Andy 4E LTE
Yezz,Andy 4E2I
Yezz,Andy 4E3I
Yezz,Andy 4E4
Yezz,Andy 4E7
Yezz,Andy 4EI2
Yezz,Andy 4EL2 LTE
Yezz,Andy 5.5M LTE VR
Yezz,Andy 5E LTE
Yezz,Andy 5E2I
Yezz,Andy 5E3
Yezz,Andy 5E5
Yezz,Andy 5EI3
Yezz,Andy 5EI3 (2016)
Yezz,Andy 5EL LTE
Yezz,Andy 5M LTE
Yezz,Andy 6EL LTE
Yezz,Andy C5E LTE
Yezz,Billy 5S LTE
Yezz,Epic T
Yezz,LIV1
Yezz,Max 1
Yezz,Max 1 Plus
Yezz,Monte Carlo 55 LTE
Yezz,Monte Carlo 55 LTE VR
Yota,YotaPhone 3
YU,Ace
YU,Yunicorn
YU,Yunique
YU,Yunique 2
YU,Yunique Plus
YU,Yuphoria
YU,Yureka
YU,Yureka 2
YU,Yureka Black
YU,Yureka Note
YU,Yureka Plus
YU,Yureka S
YU,Yutopia
ZTE,Avid Plus
ZTE,Axon
ZTE,Axon 10 Pro
ZTE,Axon 10 Pro 5G
ZTE,Axon 10s Pro 5G
ZTE,Axon 11 4G
ZTE,Axon 11 5G
ZTE,Axon 7
ZTE,Axon 7 Max
ZTE,Axon 7 mini
ZTE,Axon 7s
ZTE,Axon 9 Pro
ZTE,Axon Elite
ZTE,Axon Lux
ZTE,Axon Max
ZTE,Axon mini
ZTE,Axon Pro
ZTE,Blade 10 Prime
ZTE,Blade 20
ZTE,Blade A2
ZTE,Blade A2 Plus
ZTE,Blade A3
ZTE,Blade A3 (2019)
ZTE,Blade A410
ZTE,Blade A452
ZTE,Blade A460
ZTE,Blade A5 (2019)
ZTE,Blade A512
ZTE,Blade A520
ZTE,Blade A6
ZTE,Blade A601
ZTE,Blade A610
ZTE,Blade A7
ZTE,Blade A7 Prime
ZTE,Blade A7 Vita
ZTE,Blade A910
ZTE,Blade Apex 3
ZTE,Blade D6
ZTE,Blade Force
ZTE,Blade G
ZTE,Blade G Lux
ZTE,Blade L110 (A110)
ZTE,Blade L3
ZTE,Blade L3 Plus
ZTE,Blade L5 Plus
ZTE,Blade L8
ZTE,Blade Qlux 4G
ZTE,Blade S6
ZTE,Blade S6 Plus
ZTE,Blade S7
ZTE,Blade V Plus
ZTE,Blade V10
ZTE,Blade V10 Vita
ZTE,Blade V7
ZTE,Blade V7 Lite
ZTE,Blade V7 Max
ZTE,Blade V7 Plus
ZTE,Blade V8
ZTE,Blade V8 Lite
ZTE,Blade V8 Mini
ZTE,Blade V8 Pro
ZTE,Blade V9
ZTE,Blade V9 Vita
ZTE,Blade X
ZTE,Blade X3
ZTE,Blade X5
ZTE,Blade X9
ZTE,Blade Z Max
ZTE,Boost Max+
ZTE,Grand S3
ZTE,Grand X 3
ZTE,Grand X Max 2
ZTE,Grand X Max+
ZTE,Grand X View 2
ZTE,Grand X2
ZTE,Grand X4
ZTE,Hawkeye
ZTE,Imperial II
ZTE,Maven
ZTE,Maven 2
ZTE,Max XL
ZTE,nubia M2
ZTE,nubia M2 lite
ZTE,nubia M2 Play
ZTE,nubia My Prague
ZTE,nubia N1
ZTE,nubia N1 lite
ZTE,nubia N2
ZTE,nubia N3
ZTE,nubia Play
ZTE,nubia Prague S
ZTE,nubia Red Magic
ZTE,nubia Red Magic 3
ZTE,nubia Red Magic 3s
ZTE,nubia Red Magic 5G
ZTE,nubia Red Magic 5G Lite
ZTE,nubia Red Magic Mars
ZTE,nubia V18
ZTE,nubia Z11
ZTE,nubia Z11 Max
ZTE,nubia Z11 mini
ZTE,nubia Z11 mini S
ZTE,nubia Z17
ZTE,nubia Z17 lite
ZTE,nubia Z17 mini
ZTE,nubia Z17 miniS
ZTE,nubia Z17s
ZTE,nubia Z18
ZTE,nubia Z18 mini
ZTE,nubia Z20
ZTE,nubia Z9
ZTE,nubia Z9 Max
ZTE,nubia Z9 mini
ZTE,Obsidian
ZTE,Open L
ZTE,Sonata 2
ZTE,Tempo Go
ZTE,Tempo X
ZTE,V5 Lux
ZTE,Warp 7
ZTE,Zmax 2
ZTE,Zmax Pro
